COD_IBGE,Nome_Municipio,CRS,Qtd_SINAN_Notificador,Qtd_GAL_Solicitante,Qtd_GAL_Residencia,STATUS_MONITORAMENTO
430003,Acegu√°,7,0,0,0,Sem atividade
430005,√Ågua Santa,6,0,0,0,Sem atividade
430010,Agudo,4,0,0,0,Sem atividade
430020,Ajuricaba,17,4,1,1,‚úÖ OK
430030,Alecrim,14,0,0,0,Sem atividade
430040,Alegrete,10,17,5,5,‚úÖ OK
430045,Alegria,14,0,0,0,Sem atividade
430047,Almirante Tamandar√© do Sul,6,0,0,0,Sem atividade
430050,Alpestre,2,0,0,0,Sem atividade
430055,Alto Alegre,6,0,0,0,Sem atividade
430057,Alto Feliz,5,0,0,0,Sem atividade
430060,Alvorada,1,18,15,25,‚úÖ OK
430063,Amaral Ferrador,3,0,0,0,Sem atividade
430064,Ametista do Sul,2,0,0,0,Sem atividade
430066,Andr√© da Rocha,6,0,0,0,Sem atividade
430070,Anta Gorda,16,1,0,0,‚ùì SINAN sem GAL
430080,Ant√¥nio Prado,5,0,0,1,Sem atividade
430085,Arambar√©,1,0,0,0,Sem atividade
430087,Araric√°,1,0,0,0,Sem atividade
430090,Aratiba,11,1,1,1,‚úÖ OK
430100,Arroio do Meio,16,0,0,0,Sem atividade
430107,Arroio do Padre,3,0,0,0,Sem atividade
430105,Arroio do Sal,18,0,0,0,Sem atividade
430120,Arroio do Tigre,8,0,0,0,Sem atividade
430110,Arroio dos Ratos,1,0,0,0,Sem atividade
430130,Arroio Grande,3,0,0,0,Sem atividade
430140,Arvorezinha,6,0,0,0,Sem atividade
430150,Augusto Pestana,17,0,0,0,Sem atividade
430155,√Åurea,11,0,0,0,Sem atividade
430160,Bag√©,7,1,1,1,‚úÖ OK
430163,Balne√°rio Pinhal,18,0,0,0,Sem atividade
430165,Bar√£o,1,0,0,0,Sem atividade
430170,Bar√£o de Cotegipe,11,0,0,1,Sem atividade
430175,Bar√£o do Triunfo,1,0,0,0,Sem atividade
430185,Barra do Guarita,2,0,0,0,Sem atividade
430187,Barra do Quara√≠,10,0,0,0,Sem atividade
430190,Barra do Ribeiro,1,0,0,0,Sem atividade
430192,Barra do Rio Azul,11,0,0,0,Sem atividade
430195,Barra Funda,15,0,0,0,Sem atividade
430180,Barrac√£o,6,0,0,0,Sem atividade
430200,Barros Cassal,6,0,0,0,Sem atividade
430205,Benjamin Constant do Sul,11,0,0,0,Sem atividade
430210,Bento Gon√ßalves,5,30,26,25,‚úÖ OK
430215,Boa Vista das Miss√µes,15,0,0,0,Sem atividade
430220,Boa Vista do Buric√°,14,4,1,1,‚úÖ OK
430222,Boa Vista do Cadeado,9,0,0,0,Sem atividade
430223,Boa Vista do Incra,9,1,0,0,‚ùì SINAN sem GAL
430225,Boa Vista do Sul,5,0,0,0,Sem atividade
430230,Bom Jesus,5,2,2,2,‚úÖ OK
430235,Bom Princ√≠pio,5,0,0,0,Sem atividade
430237,Bom Progresso,2,0,0,0,Sem atividade
430240,Bom Retiro do Sul,16,0,0,0,Sem atividade
430245,Boqueir√£o do Le√£o,16,0,0,0,Sem atividade
430250,Bossoroca,12,0,0,0,Sem atividade
430258,Bozano,17,0,0,1,Sem atividade
430260,Braga,15,0,0,0,Sem atividade
430265,Brochier,1,0,0,0,Sem atividade
430270,Buti√°,1,5,0,0,‚ùì SINAN sem GAL
430280,Ca√ßapava do Sul,8,8,0,1,‚ùì SINAN sem GAL
430290,Cacequi,4,0,0,1,Sem atividade
430300,Cachoeira do Sul,8,31,7,7,‚úÖ OK
430310,Cachoeirinha,1,73,60,42,‚úÖ OK
430320,Cacique Doble,6,0,0,0,Sem atividade
430330,Caibat√©,12,0,0,0,Sem atividade
430340,Cai√ßara,2,0,0,0,Sem atividade
430350,Camaqu√£,1,1,0,0,‚ùì SINAN sem GAL
430355,Camargo,6,0,0,0,Sem atividade
430360,Cambar√° do Sul,1,0,0,0,Sem atividade
430367,Campestre da Serra,5,0,0,0,Sem atividade
430370,Campina das Miss√µes,14,1,1,1,‚úÖ OK
430380,Campinas do Sul,11,2,2,2,‚úÖ OK
430390,Campo Bom,1,45,5,5,‚úÖ OK
430400,Campo Novo,17,0,0,0,Sem atividade
430410,Campos Borges,6,0,0,0,Sem atividade
430420,Candel√°ria,13,10,3,3,‚úÖ OK
430430,C√¢ndido God√≥i,14,0,0,0,Sem atividade
430435,Candiota,7,0,0,0,Sem atividade
430440,Canela,5,5,2,1,‚úÖ OK
430450,Cangu√ßu,3,0,0,1,Sem atividade
430460,Canoas,1,44,7,14,‚úÖ OK
430461,Canudos do Vale,16,0,0,0,Sem atividade
430462,Cap√£o Bonito do Sul,6,0,0,0,Sem atividade
430463,Cap√£o da Canoa,18,12,12,8,‚úÖ OK
430465,Cap√£o do Cip√≥,4,0,0,0,Sem atividade
430466,Cap√£o do Le√£o,3,0,3,1,üö® ALERTA: GAL sem SINAN
430468,Capela de Santana,1,0,0,0,Sem atividade
430469,Capit√£o,16,0,0,0,Sem atividade
430467,Capivari do Sul,18,0,0,0,Sem atividade
430471,Cara√°,18,0,0,0,Sem atividade
430470,Carazinho,6,3,0,0,‚ùì SINAN sem GAL
430480,Carlos Barbosa,5,4,4,4,‚úÖ OK
430485,Carlos Gomes,11,0,0,0,Sem atividade
430490,Casca,6,0,0,0,Sem atividade
430495,Caseiros,6,0,0,0,Sem atividade
430500,Catu√≠pe,17,0,0,0,Sem atividade
430510,Caxias do Sul,5,23,6,6,‚úÖ OK
430511,Centen√°rio,11,0,0,0,Sem atividade
430512,Cerrito,3,0,0,0,Sem atividade
430513,Cerro Branco,8,2,1,0,‚úÖ OK
430515,Cerro Grande,15,0,0,0,Sem atividade
430517,Cerro Grande do Sul,1,0,0,0,Sem atividade
430520,Cerro Largo,12,6,4,4,‚úÖ OK
430530,Chapada,15,0,0,0,Sem atividade
430535,Charqueadas,1,8,5,4,‚úÖ OK
430537,Charrua,11,0,0,0,Sem atividade
430540,Chiapetta,17,1,0,0,‚ùì SINAN sem GAL
430543,Chu√≠,3,0,0,0,Sem atividade
430544,Chuvisca,1,0,0,0,Sem atividade
430545,Cidreira,18,16,0,0,‚ùì SINAN sem GAL
430550,Cir√≠aco,6,0,0,0,Sem atividade
430558,Colinas,16,0,0,0,Sem atividade
430560,Colorado,9,0,0,0,Sem atividade
430570,Condor,17,6,5,5,‚úÖ OK
430580,Constantina,15,1,2,2,‚úÖ OK
430583,Coqueiro Baixo,16,0,0,0,Sem atividade
430585,Coqueiros do Sul,6,0,1,1,üö® ALERTA: GAL sem SINAN
430587,Coronel Barros,17,0,0,0,Sem atividade
430590,Coronel Bicaco,15,10,0,0,‚ùì SINAN sem GAL
430593,Coronel Pilar,5,0,0,0,Sem atividade
430595,Cotipor√£,5,1,1,1,‚úÖ OK
430597,Coxilha,6,0,0,0,Sem atividade
430600,Crissiumal,17,6,3,3,‚úÖ OK
430605,Cristal,1,2,0,0,‚ùì SINAN sem GAL
430607,Cristal do Sul,2,0,0,0,Sem atividade
430610,Cruz Alta,9,53,13,12,‚úÖ OK
430613,Cruzaltense,11,0,0,0,Sem atividade
430620,Cruzeiro do Sul,16,5,1,1,‚úÖ OK
430630,David Canabarro,6,0,0,0,Sem atividade
430632,Derrubadas,2,0,0,0,Sem atividade
430635,Dezesseis de Novembro,12,0,0,0,Sem atividade
430637,Dilermando de Aguiar,4,0,0,0,Sem atividade
430640,Dois Irm√£os,1,48,19,19,‚úÖ OK
430642,Dois Irm√£os das Miss√µes,15,0,0,0,Sem atividade
430645,Dois Lajeados,16,0,0,0,Sem atividade
430650,Dom Feliciano,1,0,0,0,Sem atividade
430660,Dom Pedrito,7,5,3,3,‚úÖ OK
430655,Dom Pedro de Alc√¢ntara,18,0,0,0,Sem atividade
430670,Dona Francisca,4,0,0,0,Sem atividade
430673,Doutor Maur√≠cio Cardoso,14,0,0,0,Sem atividade
430675,Doutor Ricardo,16,0,0,0,Sem atividade
430676,Eldorado do Sul,1,7,1,1,‚úÖ OK
430680,Encantado,16,0,2,2,üö® ALERTA: GAL sem SINAN
430690,Encruzilhada do Sul,8,2,1,1,‚úÖ OK
430692,Engenho Velho,15,0,0,0,Sem atividade
430695,Entre Rios do Sul,11,0,0,0,Sem atividade
430693,Entre-Iju√≠s,12,6,4,4,‚úÖ OK
430697,Erebango,11,0,0,1,Sem atividade
430700,Erechim,11,100,36,28,‚úÖ OK
430705,Ernestina,6,0,0,0,Sem atividade
430720,Erval Grande,11,0,0,0,Sem atividade
430730,Erval Seco,2,0,0,0,Sem atividade
430740,Esmeralda,5,0,0,0,Sem atividade
430745,Esperan√ßa do Sul,2,0,0,0,Sem atividade
430750,Espumoso,6,0,0,0,Sem atividade
430755,Esta√ß√£o,11,0,0,1,Sem atividade
430760,Est√¢ncia Velha,1,8,4,3,‚úÖ OK
430770,Esteio,1,10,9,8,‚úÖ OK
430780,Estrela,16,39,5,6,‚úÖ OK
430781,Estrela Velha,8,2,0,0,‚ùì SINAN sem GAL
430783,Eug√™nio de Castro,12,0,0,0,Sem atividade
430786,Fagundes Varela,5,0,0,0,Sem atividade
430790,Farroupilha,5,6,2,3,‚úÖ OK
430800,Faxinal do Soturno,4,0,0,0,Sem atividade
430805,Faxinalzinho,11,0,0,0,Sem atividade
430807,Fazenda Vilanova,16,2,0,0,‚ùì SINAN sem GAL
430810,Feliz,5,9,8,7,‚úÖ OK
430820,Flores da Cunha,5,2,3,3,‚úÖ OK
430825,Floriano Peixoto,11,0,0,0,Sem atividade
430830,Fontoura Xavier,6,0,0,0,Sem atividade
430840,Formigueiro,4,0,0,0,Sem atividade
430843,Forquetinha,16,0,0,0,Sem atividade
430845,Fortaleza dos Valos,9,0,0,0,Sem atividade
430850,Frederico Westphalen,2,1,1,1,‚úÖ OK
430860,Garibaldi,5,18,17,18,‚úÖ OK
430865,Garruchos,12,0,0,0,Sem atividade
430870,Gaurama,11,0,0,0,Sem atividade
430880,General C√¢mara,1,0,0,0,Sem atividade
430885,Gentil,6,0,0,0,Sem atividade
430890,Get√∫lio Vargas,11,4,6,8,‚úÖ OK
430900,Giru√°,14,1,0,0,‚ùì SINAN sem GAL
430905,Glorinha,1,1,0,0,‚ùì SINAN sem GAL
430910,Gramado,5,10,4,3,‚úÖ OK
430912,Gramado dos Loureiros,15,0,0,0,Sem atividade
430915,Gramado Xavier,13,2,2,2,‚úÖ OK
430920,Gravata√≠,1,22,16,28,‚úÖ OK
430925,Guabiju,5,0,0,0,Sem atividade
430930,Gua√≠ba,1,3,4,5,‚úÖ OK
430940,Guapor√©,5,5,5,5,‚úÖ OK
430950,Guarani das Miss√µes,12,0,0,0,Sem atividade
430955,Harmonia,1,1,0,0,‚ùì SINAN sem GAL
430710,Herval,3,0,0,0,Sem atividade
430957,Herveiras,13,0,0,0,Sem atividade
430960,Horizontina,14,3,0,0,‚ùì SINAN sem GAL
430965,Hulha Negra,7,0,0,0,Sem atividade
430970,Humait√°,17,0,0,0,Sem atividade
430975,Ibarama,8,0,0,0,Sem atividade
430980,Ibia√ß√°,6,0,0,0,Sem atividade
430990,Ibiraiaras,6,0,0,0,Sem atividade
430995,Ibirapuit√£,6,0,0,0,Sem atividade
431000,Ibirub√°,9,4,3,3,‚úÖ OK
431010,Igrejinha,1,30,13,13,‚úÖ OK
431020,Iju√≠,17,52,25,24,‚úÖ OK
431030,Il√≥polis,16,0,0,0,Sem atividade
431033,Imb√©,18,0,0,1,Sem atividade
431036,Imigrante,16,0,0,0,Sem atividade
431040,Independ√™ncia,14,0,0,0,Sem atividade
431041,Inhacor√°,17,0,0,0,Sem atividade
431043,Ip√™,5,0,0,0,Sem atividade
431046,Ipiranga do Sul,11,0,0,0,Sem atividade
431050,Ira√≠,2,0,0,0,Sem atividade
431053,Itaara,4,0,0,0,Sem atividade
431055,Itacurubi,4,0,0,0,Sem atividade
431057,Itapuca,6,0,0,0,Sem atividade
431060,Itaqui,10,10,0,0,‚ùì SINAN sem GAL
431065,Itati,18,0,0,0,Sem atividade
431070,Itatiba do Sul,11,0,0,1,Sem atividade
431075,Ivor√°,4,0,0,0,Sem atividade
431080,Ivoti,1,19,20,19,‚úÖ OK
431085,Jaboticaba,15,0,0,0,Sem atividade
431087,Jacuizinho,9,0,0,1,Sem atividade
431090,Jacutinga,11,6,0,1,‚ùì SINAN sem GAL
431100,Jaguar√£o,3,0,0,0,Sem atividade
431110,Jaguari,4,1,1,1,‚úÖ OK
431112,Jaquirana,5,0,0,0,Sem atividade
431113,Jari,4,0,0,0,Sem atividade
431115,J√≥ia,17,3,2,2,‚úÖ OK
431120,J√∫lio de Castilhos,4,0,0,0,Sem atividade
431123,Lagoa Bonita do Sul,8,0,0,0,Sem atividade
431127,Lagoa dos Tr√™s Cantos,6,0,0,0,Sem atividade
431130,Lagoa Vermelha,6,2,0,1,‚ùì SINAN sem GAL
431125,Lago√£o,6,0,0,0,Sem atividade
431140,Lajeado,16,45,14,13,‚úÖ OK
431142,Lajeado do Bugre,15,0,0,0,Sem atividade
431150,Lavras do Sul,7,0,0,0,Sem atividade
431160,Liberato Salzano,2,1,0,0,‚ùì SINAN sem GAL
431162,Lindolfo Collor,1,0,0,1,Sem atividade
431164,Linha Nova,5,0,0,0,Sem atividade
431171,Ma√ßambar√°,10,1,0,0,‚ùì SINAN sem GAL
431170,Machadinho,6,2,2,1,‚úÖ OK
431173,Mampituba,18,0,0,0,Sem atividade
431175,Manoel Viana,10,0,0,0,Sem atividade
431177,Maquin√©,18,0,0,0,Sem atividade
431179,Marat√°,1,1,0,0,‚ùì SINAN sem GAL
431180,Marau,6,4,1,1,‚úÖ OK
431190,Marcelino Ramos,11,0,0,0,Sem atividade
431198,Mariana Pimentel,1,0,0,0,Sem atividade
431200,Mariano Moro,11,0,0,0,Sem atividade
431205,Marques de Souza,16,0,0,0,Sem atividade
431210,Mata,4,0,0,0,Sem atividade
431213,Mato Castelhano,6,0,0,0,Sem atividade
431215,Mato Leit√£o,13,1,1,1,‚úÖ OK
431217,Mato Queimado,12,1,0,0,‚ùì SINAN sem GAL
431220,Maximiliano de Almeida,6,0,0,0,Sem atividade
431225,Minas do Le√£o,1,0,0,0,Sem atividade
431230,Miragua√≠,15,0,0,0,Sem atividade
431235,Montauri,6,0,0,0,Sem atividade
431237,Monte Alegre dos Campos,5,0,0,0,Sem atividade
431238,Monte Belo do Sul,5,0,0,0,Sem atividade
431240,Montenegro,1,13,6,8,‚úÖ OK
431242,Morma√ßo,6,0,0,0,Sem atividade
431244,Morrinhos do Sul,18,0,0,0,Sem atividade
431245,Morro Redondo,3,0,0,0,Sem atividade
431247,Morro Reuter,1,0,0,0,Sem atividade
431250,Mostardas,18,0,0,0,Sem atividade
431260,Mu√ßum,16,2,0,0,‚ùì SINAN sem GAL
431261,Muitos Cap√µes,5,0,0,0,Sem atividade
431262,Muliterno,6,0,0,0,Sem atividade
431265,N√£o-Me-Toque,6,4,4,4,‚úÖ OK
431267,Nicolau Vergueiro,6,0,0,0,Sem atividade
431270,Nonoai,11,3,3,3,‚úÖ OK
431275,Nova Alvorada,6,1,0,0,‚ùì SINAN sem GAL
431280,Nova Ara√ß√°,5,0,0,0,Sem atividade
431290,Nova Bassano,5,0,0,0,Sem atividade
431295,Nova Boa Vista,15,0,0,0,Sem atividade
431300,Nova Br√©scia,16,0,0,0,Sem atividade
431301,Nova Candel√°ria,14,0,0,0,Sem atividade
431303,Nova Esperan√ßa do Sul,4,0,0,0,Sem atividade
431306,Nova Hartz,1,2,1,1,‚úÖ OK
431308,Nova P√°dua,5,0,0,0,Sem atividade
431310,Nova Palma,4,0,0,0,Sem atividade
431320,Nova Petr√≥polis,5,8,2,2,‚úÖ OK
431330,Nova Prata,5,1,1,1,‚úÖ OK
431333,Nova Ramada,17,0,0,0,Sem atividade
431335,Nova Roma do Sul,5,2,2,2,‚úÖ OK
431337,Nova Santa Rita,1,12,3,3,‚úÖ OK
431349,Novo Barreiro,15,0,0,0,Sem atividade
431339,Novo Cabrais,8,0,0,0,Sem atividade
431340,Novo Hamburgo,1,56,10,11,‚úÖ OK
431342,Novo Machado,14,0,0,0,Sem atividade
431344,Novo Tiradentes,2,0,0,0,Sem atividade
431346,Novo Xingu,15,0,0,0,Sem atividade
431350,Os√≥rio,18,0,0,0,Sem atividade
431360,Paim Filho,6,0,0,0,Sem atividade
431365,Palmares do Sul,18,1,0,0,‚ùì SINAN sem GAL
431370,Palmeira das Miss√µes,15,24,3,3,‚úÖ OK
431380,Palmitinho,2,0,0,0,Sem atividade
431390,Panambi,17,21,7,7,‚úÖ OK
431395,Pantano Grande,13,0,0,0,Sem atividade
431400,Para√≠,5,3,3,3,‚úÖ OK
431402,Para√≠so do Sul,4,0,0,0,Sem atividade
431403,Pareci Novo,1,0,0,0,Sem atividade
431405,Parob√©,1,4,3,3,‚úÖ OK
431406,Passa Sete,8,0,0,0,Sem atividade
431407,Passo do Sobrado,13,0,0,0,Sem atividade
431410,Passo Fundo,6,122,38,33,‚úÖ OK
431413,Paulo Bento,11,0,0,0,Sem atividade
431415,Paverama,16,3,1,1,‚úÖ OK
431417,Pedras Altas,3,0,0,0,Sem atividade
431420,Pedro Os√≥rio,3,1,0,0,‚ùì SINAN sem GAL
431430,Peju√ßara,17,0,0,0,Sem atividade
431440,Pelotas,3,31,18,19,‚úÖ OK
431442,Picada Caf√©,5,0,0,0,Sem atividade
431445,Pinhal,2,0,0,0,Sem atividade
431446,Pinhal da Serra,5,0,0,0,Sem atividade
431447,Pinhal Grande,4,0,0,0,Sem atividade
431449,Pinheirinho do Vale,2,0,0,1,Sem atividade
431450,Pinheiro Machado,3,0,0,0,Sem atividade
431454,Pinto Bandeira,5,0,0,0,Sem atividade
431455,Pirap√≥,12,0,0,0,Sem atividade
431460,Piratini,3,0,0,0,Sem atividade
431470,Planalto,2,5,6,7,‚úÖ OK
431475,Po√ßo das Antas,16,0,0,0,Sem atividade
431477,Pont√£o,6,0,0,0,Sem atividade
431478,Ponte Preta,11,0,0,1,Sem atividade
431480,Port√£o,1,0,2,3,üö® ALERTA: GAL sem SINAN
431490,Porto Alegre,1,859,98,74,‚úÖ OK
431500,Porto Lucena,14,1,0,0,‚ùì SINAN sem GAL
431505,Porto Mau√°,14,0,0,0,Sem atividade
431507,Porto Vera Cruz,14,0,0,0,Sem atividade
431510,Porto Xavier,12,3,0,0,‚ùì SINAN sem GAL
431513,Pouso Novo,16,0,0,0,Sem atividade
431514,Presidente Lucena,1,1,0,0,‚ùì SINAN sem GAL
431515,Progresso,16,2,1,1,‚úÖ OK
431517,Prot√°sio Alves,5,1,0,0,‚ùì SINAN sem GAL
431520,Putinga,16,0,0,0,Sem atividade
431530,Quara√≠,10,0,0,0,Sem atividade
431531,Quatro Irm√£os,11,0,0,0,Sem atividade
431532,Quevedos,4,1,1,1,‚úÖ OK
431535,Quinze de Novembro,9,3,2,2,‚úÖ OK
431540,Redentora,15,0,0,2,Sem atividade
431545,Relvado,16,0,0,0,Sem atividade
431550,Restinga S√™ca,4,7,2,1,‚úÖ OK
431555,Rio dos √çndios,11,0,0,0,Sem atividade
431560,Rio Grande,3,7,6,6,‚úÖ OK
431570,Rio Pardo,13,8,0,0,‚ùì SINAN sem GAL
431575,Riozinho,1,0,0,0,Sem atividade
431580,Roca Sales,16,0,0,1,Sem atividade
431590,Rodeio Bonito,2,0,1,1,üö® ALERTA: GAL sem SINAN
431595,Rolador,12,0,0,0,Sem atividade
431600,Rolante,1,0,0,0,Sem atividade
431610,Ronda Alta,15,0,0,1,Sem atividade
431620,Rondinha,15,14,8,7,‚úÖ OK
431630,Roque Gonzales,12,0,0,0,Sem atividade
431640,Ros√°rio do Sul,10,1,0,0,‚ùì SINAN sem GAL
431642,Sagrada Fam√≠lia,15,1,0,0,‚ùì SINAN sem GAL
431643,Saldanha Marinho,9,0,0,0,Sem atividade
431645,Salto do Jacu√≠,9,8,2,2,‚úÖ OK
431647,Salvador das Miss√µes,12,0,0,0,Sem atividade
431650,Salvador do Sul,1,0,0,0,Sem atividade
431660,Sananduva,6,0,0,0,Sem atividade
431710,Sant'Ana do Livramento,10,3,0,0,‚ùì SINAN sem GAL
431670,Santa B√°rbara do Sul,9,1,0,0,‚ùì SINAN sem GAL
431673,Santa Cec√≠lia do Sul,6,0,0,0,Sem atividade
431675,Santa Clara do Sul,16,3,1,1,‚úÖ OK
431680,Santa Cruz do Sul,13,183,44,44,‚úÖ OK
431697,Santa Margarida do Sul,10,0,0,0,Sem atividade
431690,Santa Maria,4,22,0,2,‚ùì SINAN sem GAL
431695,Santa Maria do Herval,1,0,0,0,Sem atividade
431720,Santa Rosa,14,16,10,10,‚úÖ OK
431725,Santa Tereza,5,0,0,0,Sem atividade
431730,Santa Vit√≥ria do Palmar,3,0,0,0,Sem atividade
431700,Santana da Boa Vista,3,2,1,1,‚úÖ OK
431740,Santiago,4,9,1,1,‚úÖ OK
431750,Santo √Çngelo,12,5,4,4,‚úÖ OK
431760,Santo Ant√¥nio da Patrulha,18,4,1,1,‚úÖ OK
431770,Santo Ant√¥nio das Miss√µes,12,1,0,0,‚ùì SINAN sem GAL
431755,Santo Ant√¥nio do Palma,6,0,0,0,Sem atividade
431775,Santo Ant√¥nio do Planalto,6,0,0,0,Sem atividade
431780,Santo Augusto,17,6,2,2,‚úÖ OK
431790,Santo Cristo,14,1,0,0,‚ùì SINAN sem GAL
431795,Santo Expedito do Sul,6,0,0,0,Sem atividade
431800,S√£o Borja,12,24,8,8,‚úÖ OK
431805,S√£o Domingos do Sul,6,0,0,0,Sem atividade
431810,S√£o Francisco de Assis,4,3,0,0,‚ùì SINAN sem GAL
431820,S√£o Francisco de Paula,1,0,0,0,Sem atividade
431830,S√£o Gabriel,10,8,2,2,‚úÖ OK
431840,S√£o Jer√¥nimo,1,0,1,0,üö® ALERTA: GAL sem SINAN
431842,S√£o Jo√£o da Urtiga,6,0,0,0,Sem atividade
431843,S√£o Jo√£o do Pol√™sine,4,0,0,0,Sem atividade
431844,S√£o Jorge,5,0,0,0,Sem atividade
431845,S√£o Jos√© das Miss√µes,15,0,0,0,Sem atividade
431846,S√£o Jos√© do Herval,16,0,0,0,Sem atividade
431848,S√£o Jos√© do Hort√™ncio,1,0,0,0,Sem atividade
431849,S√£o Jos√© do Inhacor√°,14,0,0,0,Sem atividade
431850,S√£o Jos√© do Norte,3,1,1,1,‚úÖ OK
431860,S√£o Jos√© do Ouro,6,0,0,0,Sem atividade
431861,S√£o Jos√© do Sul,1,0,0,0,Sem atividade
431862,S√£o Jos√© dos Ausentes,5,0,0,0,Sem atividade
431870,S√£o Leopoldo,1,201,28,25,‚úÖ OK
431880,S√£o Louren√ßo do Sul,3,2,2,2,‚úÖ OK
431890,S√£o Luiz Gonzaga,12,2,3,3,‚úÖ OK
431900,S√£o Marcos,5,0,0,0,Sem atividade
431910,S√£o Martinho,17,1,1,1,‚úÖ OK
431912,S√£o Martinho da Serra,4,0,0,0,Sem atividade
431915,S√£o Miguel das Miss√µes,12,1,0,0,‚ùì SINAN sem GAL
431920,S√£o Nicolau,12,0,0,0,Sem atividade
431930,S√£o Paulo das Miss√µes,14,0,0,0,Sem atividade
431935,S√£o Pedro da Serra,1,0,0,0,Sem atividade
431936,S√£o Pedro das Miss√µes,15,0,0,0,Sem atividade
431937,S√£o Pedro do Buti√°,12,0,0,0,Sem atividade
431940,S√£o Pedro do Sul,4,0,0,0,Sem atividade
431950,S√£o Sebasti√£o do Ca√≠,1,0,0,0,Sem atividade
431960,S√£o Sep√©,4,4,1,0,‚úÖ OK
431970,S√£o Valentim,11,0,0,0,Sem atividade
431971,S√£o Valentim do Sul,16,0,0,0,Sem atividade
431973,S√£o Val√©rio do Sul,17,0,0,0,Sem atividade
431975,S√£o Vendelino,5,0,0,0,Sem atividade
431980,S√£o Vicente do Sul,4,0,0,0,Sem atividade
431990,Sapiranga,1,86,3,3,‚úÖ OK
432000,Sapucaia do Sul,1,72,37,42,‚úÖ OK
432010,Sarandi,15,13,6,6,‚úÖ OK
432020,Seberi,2,0,0,0,Sem atividade
432023,Sede Nova,17,1,1,1,‚úÖ OK
432026,Segredo,8,0,0,0,Sem atividade
432030,Selbach,9,1,0,0,‚ùì SINAN sem GAL
432032,Senador Salgado Filho,14,0,0,0,Sem atividade
432035,Sentinela do Sul,1,0,0,0,Sem atividade
432040,Serafina Corr√™a,6,1,0,0,‚ùì SINAN sem GAL
432045,S√©rio,16,0,0,0,Sem atividade
432050,Sert√£o,6,0,0,0,Sem atividade
432055,Sert√£o Santana,1,0,0,0,Sem atividade
432057,Sete de Setembro,12,3,0,0,‚ùì SINAN sem GAL
432060,Severiano de Almeida,11,0,0,0,Sem atividade
432065,Silveira Martins,4,0,0,0,Sem atividade
432067,Sinimbu,13,0,0,0,Sem atividade
432070,Sobradinho,8,0,0,0,Sem atividade
432080,Soledade,6,1,0,0,‚ùì SINAN sem GAL
432085,Taba√≠,1,0,0,0,Sem atividade
432090,Tapejara,6,0,0,1,Sem atividade
432100,Tapera,6,0,0,0,Sem atividade
432110,Tapes,1,5,4,3,‚úÖ OK
432120,Taquara,1,7,0,0,‚ùì SINAN sem GAL
432130,Taquari,16,1,0,0,‚ùì SINAN sem GAL
432132,Taquaru√ßu do Sul,2,0,0,0,Sem atividade
432135,Tavares,18,0,0,0,Sem atividade
432140,Tenente Portela,2,3,3,0,‚úÖ OK
432143,Terra de Areia,18,0,0,0,Sem atividade
432145,Teut√¥nia,16,36,6,6,‚úÖ OK
432146,Tio Hugo,6,0,0,0,Sem atividade
432147,Tiradentes do Sul,2,0,1,1,üö® ALERTA: GAL sem SINAN
432149,Toropi,4,0,0,0,Sem atividade
432150,Torres,18,12,2,2,‚úÖ OK
432160,Tramanda√≠,18,14,0,0,‚ùì SINAN sem GAL
432162,Travesseiro,16,0,0,0,Sem atividade
432163,Tr√™s Arroios,11,0,0,0,Sem atividade
432166,Tr√™s Cachoeiras,18,1,1,0,‚úÖ OK
432170,Tr√™s Coroas,1,6,3,3,‚úÖ OK
432180,Tr√™s de Maio,14,0,0,0,Sem atividade
432183,Tr√™s Forquilhas,18,0,0,0,Sem atividade
432185,Tr√™s Palmeiras,15,9,6,5,‚úÖ OK
432190,Tr√™s Passos,2,4,0,0,‚ùì SINAN sem GAL
432195,Trindade do Sul,15,6,2,3,‚úÖ OK
432200,Triunfo,1,2,2,2,‚úÖ OK
432210,Tucunduva,14,5,3,3,‚úÖ OK
432215,Tunas,6,0,0,0,Sem atividade
432218,Tupanci do Sul,6,1,0,0,‚ùì SINAN sem GAL
432220,Tupanciret√£,4,3,0,0,‚ùì SINAN sem GAL
432225,Tupandi,1,2,2,2,‚úÖ OK
432230,Tuparendi,14,0,0,0,Sem atividade
432232,Turu√ßu,3,0,0,0,Sem atividade
432234,Ubiretama,12,0,0,0,Sem atividade
432235,Uni√£o da Serra,5,0,0,0,Sem atividade
432237,Unistalda,4,0,0,0,Sem atividade
432240,Uruguaiana,10,35,8,6,‚úÖ OK
432250,Vacaria,5,0,0,0,Sem atividade
432253,Vale do Sol,13,0,0,1,Sem atividade
432254,Vale Real,5,3,4,5,‚úÖ OK
432252,Vale Verde,13,0,0,0,Sem atividade
432255,Vanini,6,0,0,0,Sem atividade
432260,Ven√¢ncio Aires,13,13,6,6,‚úÖ OK
432270,Vera Cruz,13,11,6,7,‚úÖ OK
432280,Veran√≥polis,5,0,0,0,Sem atividade
432285,Vespasiano Corr√™a,16,0,0,0,Sem atividade
432290,Viadutos,11,0,0,0,Sem atividade
432300,Viam√£o,1,10,7,12,‚úÖ OK
432310,Vicente Dutra,2,0,0,0,Sem atividade
432320,Victor Graeff,6,0,0,0,Sem atividade
432330,Vila Flores,5,1,1,1,‚úÖ OK
432335,Vila L√¢ngaro,6,0,0,1,Sem atividade
432340,Vila Maria,6,0,0,0,Sem atividade
432345,Vila Nova do Sul,4,0,0,0,Sem atividade
432350,Vista Alegre,2,0,0,0,Sem atividade
432360,Vista Alegre do Prata,5,0,0,0,Sem atividade
432370,Vista Ga√∫cha,2,0,0,0,Sem atividade
432375,Vit√≥ria das Miss√µes,12,0,0,0,Sem atividade
432377,Westf√°lia,16,2,0,0,‚ùì SINAN sem GAL
432380,Xangri-L√°,18,1,0,1,‚ùì SINAN sem GAL
